{
    "rules": {
        "array-type": [
            true,
            "array"
        ],
        "arrow-parens": false,
        "no-var-keyword": true,
        "no-unused-variable": [
            true,
            {
                "ignore-pattern": "^_"
            }
        ],
        "ordered-imports": [false],
        "trailing-comma": [false],
        "class-name": true,
        "comment-format": [
            true,
            "check-space"
        ],
        "indent": [
            true,
            "spaces"
        ],
        "no-eval": true,
        "no-internal-module": true,
        "no-trailing-whitespace": true,
        "no-unsafe-finally": true,
        "one-line": [
            true,
            "check-open-brace",
            "check-whitespace"
        ],
        "quotemark": [
            true,
            "single"
        ],
        "semicolon": [ false ],
        "triple-equals": [
            true,
            "allow-null-check"
        ],
        "typedef-whitespace": [
            true,
            {
                "call-signature": "nospace",
                "index-signature": "nospace",
                "parameter": "nospace",
                "property-declaration": "nospace",
                "variable-declaration": "nospace"
            }
        ],
        "variable-name": [
            true,
            "ban-keywords"
        ],
        "whitespace": [
            true,
            "check-branch",
            "check-decl",
            // "check-operator", -- buggy because of default generic types
            "check-separator",
            "check-type"
        ]
    },
    "jsRules": {
        "triple-equals": [
            true,
            "allow-null-check"
        ]
    },
    "defaultSeverity": "warning"
}